11,"41.072014,-73.768624",http://www.nynjtc.org/hike/bronx-river-parkway,Bronx River Parkway Reservation,Bronx River Pathway,Westchester County,NY,9.8 miles,Easy,Allowed on leash,ViewsPublic Transportation,47150,2541,49025,10478,41713,31228,2014-11-21 17:18:50.080895,2014-11-25 01:39:50.077316,41.072014,-73.768624,,56302,3258,205129,7940,,,,,,,,
12,"41.18253,-73.686934",http://www.nynjtc.org/hike/butler-memorial-sanctuary-mt-kisco-ny,Butler Memorial Sanctuary,"Butler Memorial Sanctuary (Mt. Kisco, NY)",Westchester County,NY,3.5 miles,Easy to Moderate,Allowed on leash,Views,69181,3328,66831,14762,58035,43987,2014-11-21 17:18:50.082255,2014-11-25 01:39:50.08063,41.18253,-73.686934,,77841,3847,198809,7624,,,,,,,,
13,"41.087131,-73.94744",http://www.nynjtc.org/hike/buttermilk-falls-county-park,Buttermilk Falls County Park,Buttermilk Falls  in Rockland County,Rockland County,NY,1.2 miles,Easy to Moderate,Allowed on leash,ViewsWaterfall,43298,2393,45532,9745,42598,31560,2014-11-21 17:18:50.083557,2014-11-25 01:39:50.082611,41.087131,-73.94744,,51814,3127,207930,7419,,,,,,,,
14,"41.087131,-73.94744",http://www.nynjtc.org/hike/buttermilk-falls-and-long-path-rockland-county,Buttermilk Falls County Park,Buttermilk Falls and Long Path in Rockland County,Rockland County,NY,4 miles,Moderate,Allowed on leash,ViewsWaterfall,43298,2393,45532,9745,42598,31560,2014-11-21 17:18:50.084907,2014-11-25 01:39:50.08396,41.087131,-73.94744,,51814,3127,207930,7419,,,,,,,,
15,"41.994457,-74.940834",http://www.nynjtc.org/hike/mud-pondtrout-pond-loop,Catskill Park,Mud Pond/Trout Pond Loop,Catskills,NY,4.8 miles,Moderate,Allowed off leash,Swimming,199997,8138,206672,47605,191098,143626,2014-11-21 17:18:50.086182,2014-11-25 01:39:50.085266,41.994457,-74.940834,,207273,8784,197582,8193,,,,,,,,
16,"42.18478,-74.27178",http://www.nynjtc.org/hike/hunter-mountain-fire-tower,Catskill Park,Hunter Mountain Fire Tower,Catskills,NY,8 miles,Strenuous,Allowed off leash,ViewsHistoric feature,219870,9505,248966,53088,211126,157055,2014-11-21 17:18:50.087512,2014-11-25 01:39:50.086494,42.18478,-74.27178,,227146,10150,111696,5986,,,,,,,,
17,"42.010928,-74.422371",http://www.nynjtc.org/hike/slide-mountain-highest-peak-catskills-loop,Catskill Park,Slide Mountain (Highest Peak in Catskills)  Loop,Catskills,NY,6.8 miles,Strenuous,Allowed off leash,Views,209288,9109,245758,53325,184484,138879,2014-11-21 17:18:50.08879,2014-11-25 01:39:50.087702,42.010928,-74.422371,,216564,9754,137669,6702,,,,,,,,
18,"42.140337,-74.212239",http://www.nynjtc.org/hike/plateau-mountain-warner-creek-trail,Catskill Park,Plateau Mountain Via Warner Creek Trail,Catskills,NY,8 miles,Strenuous,Allowed off leash,Views,203110,8487,229967,48865,193197,143429,2014-11-21 17:18:50.0901,2014-11-25 01:39:50.088835,42.140337,-74.212239,,210386,9132,93845,4683,,,,,,,,
19,"42.200662,-74.058473",http://www.nynjtc.org/hike/catskill-escarpment-trail,Catskill Park,Catskill Escarpment Loop (South) from Scutt Road (North/South Lake),Catskills,NY,4.7 miles,Moderate,Allowed on leash,ViewsSwimmingHistoric feature,192829,7878,220270,48275,190618,144402,2014-11-21 17:18:50.091323,2014-11-25 01:39:50.089981,42.200662,-74.058473,,200105,8523,83564,4075,,,,,,,,
20,"42.200662,-74.058473",http://www.nynjtc.org/hike/northsouth-lakeescarpment-trail-loop-hike,Catskill Park,North-South Lake/Escarpment Trail Loop Hike,Catskills,NY,10.3 miles,Moderate to Strenuous,Allowed on leash,ViewsHistoric feature,192829,7878,220270,48275,190618,144402,2014-11-21 17:18:50.092583,2014-11-25 01:39:50.091191,42.200662,-74.058473,,200105,8523,83564,4075,,,,,,,,
21,"42.097044,-74.51005",http://www.nynjtc.org/hike/balsam-mountain-catskill-high-peak,Catskill Park,Balsam Mountain Catskill High Peak,Catskills,NY,5.2 miles,Strenuous,Allowed off leash,Views,221099,9379,250194,54319,212469,158456,2014-11-21 17:18:50.09382,2014-11-25 01:39:50.09247,42.097044,-74.51005,,228375,10024,142802,6414,,,,,,,,
22,"42.296441,-74.169152",http://www.nynjtc.org/hike/windham-high-peak,Catskill Park,Windham High Peak,Catskills,NY,6.4 miles,Strenuous,Allowed off leash,Views,208346,9071,235787,52072,206135,156024,2014-11-21 17:18:50.095135,2014-11-25 01:39:50.093915,42.296441,-74.169152,,215622,9716,83050,4207,,,,,,,,
23,"41.915164,-74.42908",http://www.nynjtc.org/hike/peekamoos-and-table-mountains,Catskill Park,Peekamoose and Table Mountains,Catskills,NY,9.2 miles,Strenuous,Allowed off leash,ViewsWaterfallWoods,186666,8270,203253,44760,166325,124322,2014-11-21 17:18:50.096252,2014-11-25 01:39:50.096594,41.915164,-74.42908,,193942,8916,127013,5869,,,,,,,,
24,"42.133827,-74.081967",http://www.nynjtc.org/hike/indian-head-mountain-loop,Catskill Park,Indian Head Mountain Loop,Catskills,NY,7.8 miles,Strenuous,Allowed off leash,ViewsWoods,203148,8589,210476,47749,182180,135960,2014-11-21 17:18:50.097405,2014-11-25 01:39:50.098448,42.133827,-74.081967,,210425,9234,93883,4786,,,,,,,,
25,"42.288765,-74.114545",http://www.nynjtc.org/hike/windham-high-peak-burnt-knob,Catskill Park,Windham High Peak via Burnt Knob,Catskills,NY,7.3 miles,Strenuous,Allowed off leash,Views,211042,9297,238483,52655,208831,158104,2014-11-21 17:18:50.098522,2014-11-25 01:39:50.100018,42.288765,-74.114545,,218318,9942,85746,4433,,,,,,,,
28,"41.93571,-74.328383",http://www.nynjtc.org/hike/kanape-brook-and-ashokan-high-point,Catskill Park,Kanape Brook and Ashokan High Point,Catskills,NY,9.2 miles,Strenuous,Allowed off leash,ViewsHistoric feature,190210,7882,193790,42152,171903,127169,2014-11-21 17:18:50.102777,2014-11-25 01:39:50.101234,41.93571,-74.328383,,197486,8527,117550,5259,,,,,,,,
2,"41.731029,-73.490691",http://www.nynjtc.org/hike/appalachian-trail-hoyt-road-ny-conn-341-kent-ct,Appalachian National Scenic Trail,"Appalachian Trail - Hoyt Road, NY to Conn. 341, Kent, CT",Southern Taconics,NY/CT,11.5 miles,Strenuous,Allowed on leash,ViewsWaterfallWoods,136612,6234,134494,28394,129480,96562,2014-11-21 17:18:50.059206,2014-11-25 01:39:50.102516,41.731029,-73.490691,,145273,6754,139407,6007,,,,,,,,
3,"41.593878,-73.586989",http://www.nynjtc.org/hike/appalachian-trail-dutchess-county-ny,Appalachian National Scenic Trail,"Cat Rocks and Nuclear Lake on Appalachian Trail in Dutchess County, NY",Long Distance Trails,NY,12.7 miles,Strenuous,Allowed on leash,Views,115478,5052,114532,24328,109573,81923,2014-11-21 17:18:50.068184,2014-11-25 01:39:50.103688,41.593878,-73.586989,,124139,5571,151663,6335,,,,,,,,
4,"41.244159,-74.286675",http://www.nynjtc.org/hike/appalachian-trail-north-route-17a-warwick-ny,Appalachian National Scenic Trail,"Appalachian Trail North of Route 17A in Warwick, NY",Long Distance Trails,NY,4.8 miles,Moderate,Allowed on leash,Views,83131,4257,91972,21103,79289,59022,2014-11-21 17:18:50.070743,2014-11-25 01:39:50.104849,41.244159,-74.286675,,90407,4903,189569,7205,,,,,,,,
8,"41.398896,-74.04974",http://www.nynjtc.org/hike/black-rock-forest-2,Black Rock Forest,Black Rock Mountain and Sphagnum Pond Loop from Mine Hill Road,Storm King and Black Rock Forest,NY,5 miles,Moderate,Allowed on leash,Views,97232,4541,101634,24406,90512,67091,2014-11-21 17:18:50.076797,2014-11-25 01:39:50.105997,41.398896,-74.04974,,105748,5275,156344,6133,,,,,,,,
5,"41.819688,-73.963695",http://www.nynjtc.org/hike/black-creek-preserve,Black Creek Preserve,Black Creek Preserve,Shawangunk Mountains,NY,2.5 miles,Easy to Moderate,Allowed on leash,Views,145275,5973,149941,31316,134032,100264,2014-11-21 17:18:50.072396,2014-11-25 01:39:50.107141,41.819688,-73.963695,,152552,6618,106671,4512,,,,,,,,
7,"41.41857,-74.01014",http://www.nynjtc.org/content/black-rock-forest-1,Black Rock Forest,Mt. Misery/Hill of Pines/Rattlesnake Hill/Black Rock Mountain Loop,Storm King and Black Rock Forest,NY,7.5 miles,Moderate to Strenuous,Allowed on leash,ViewsWaterfall,94868,4444,96181,22446,89698,67801,2014-11-21 17:18:50.075356,2014-11-25 01:39:50.108297,41.41857,-74.01014,,103383,5177,155714,6003,,,,,,,,
10,"41.271372,-73.928418",http://www.nynjtc.org/hike/blue-mountain-reservation,Blue Mountain Reservation,Blue Mountain Reservation Loop,Westchester County,NY,5 miles,Easy to Moderate,Allowed on leash,ViewsBikes allowed,70965,3410,73036,15859,64623,48716,2014-11-21 17:18:50.079564,2014-11-25 01:39:50.071896,41.271372,-73.928418,,84001,4081,187833,7241,,,,,,,,
41,"41.454882,-73.833827",http://www.nynjtc.org/hike/fahnestock-state-park,Fahnestock State Park,Appalachian Trail/Blue Trail (Clear Lake) Loop from Route 301,Fahnestock State Park,NY,6.3 miles,Moderate,No Dogs,Views,93891,4067,103938,22595,89012,67919,2014-11-21 17:18:50.117707,2014-11-25 01:39:50.113499,41.454882,-73.833827,,106927,4738,156519,6141,,,,,,,,
42,"41.496862,-73.949237",http://www.nynjtc.org/hike/fishkill-ridge-conservation-area-pocket-road,Fishkill Ridge Conservation Area,Fishkill Ridge Conservation Area from Pocket Road,East Hudson Highlands,NY,6.8 miles,Moderate to Strenuous,Allowed on leash,ViewsWaterfall,101123,4912,104289,23478,95434,72033,2014-11-21 17:18:50.1189,2014-11-25 01:39:50.114818,41.496862,-73.949237,,109639,5645,152596,5842,,,,,,,,
43,"41.32459,-73.82486",http://www.nynjtc.org/hike/granite-knolls-easy-loop,Granite Knolls Park,Granite Knolls Easy Loop,Westchester County,NY,3.5 miles,Easy,Allowed on leash,Woods,74291,3365,77544,16484,74601,55767,2014-11-21 17:18:50.1201,2014-11-25 01:39:50.116272,41.32459,-73.82486,,87326,4036,173812,6831,,,,,,,,
44,"41.297598,-74.027274",http://www.nynjtc.org/hike/west-mountain-loop-anthony-wayne-recreation-area,Harriman-Bear Mountain State Parks,West Mountain Loop from Anthony Wayne Recreation Area,Harriman-Bear Mountain State Parks,NY,6.8 miles,Moderate to Strenuous,Allowed on leash,Views,70821,3270,79515,19219,72927,55199,2014-11-21 17:18:50.12129,2014-11-25 01:39:50.117656,41.297598,-74.027274,,79337,4003,177356,6533,,,,,,,,
46,"41.297598,-74.027274",http://www.nynjtc.org/hike/suffernbear-mountain-trailpyngyp,Harriman-Bear Mountain State Parks,Suffern-Bear Mountain Trail/Pyngyp,Harriman-Bear Mountain State Parks,NY,7.5 miles,Strenuous,Allowed on leash,Views,70821,3270,79515,19219,72927,55199,2014-11-21 17:18:50.123747,2014-11-25 01:39:50.119025,41.297598,-74.027274,,79337,4003,177356,6533,,,,,,,,
47,"41.297598,-74.027274",http://www.nynjtc.org/hike/bear-mountainharriman-state-parks,Harriman-Bear Mountain State Parks,Circular Hike Around Bear Mountain,Harriman-Bear Mountain State Parks,NY,10 miles,Moderate,Allowed on leash,Views,70821,3270,79515,19219,72927,55199,2014-11-21 17:18:50.12499,2014-11-25 01:39:50.120544,41.297598,-74.027274,,79337,4003,177356,6533,,,,,,,,
48,"41.295607,-74.05961",http://www.nynjtc.org/hike/harriman-state-park-2,Harriman-Bear Mountain State Parks,Appalachian Trail/Long Path Loop from Silvermine Picnic Area,Harriman-Bear Mountain State Parks,NY,7.6 miles,Moderate to Strenuous,Allowed on leash,Views,73915,3450,83770,19135,75978,56178,2014-11-21 17:18:50.126238,2014-11-25 01:39:50.122669,41.295607,-74.05961,,82431,4184,177850,6578,,,,,,,,
49,"41.275723,-74.0887",http://www.nynjtc.org/hike/iron-mines-loop-3-northwestlemon-squeezer,Harriman-Bear Mountain State Parks,Iron Mines Loop #3 (Northwest/Lemon Squeezer),Harriman-Bear Mountain State Parks,NY,7 miles,Moderate to Strenuous,Allowed on leash,ViewsHistoric feature,70761,3488,80325,18624,72419,53822,2014-11-21 17:18:50.127419,2014-11-25 01:39:50.124216,41.275723,-74.0887,,79277,4222,179070,6780,,,,,,,,
51,"41.173916,-74.168658",http://www.nynjtc.org/hike/raccoon-brook-hills-trailpine-meadow-lakediamond-mountain-loop,Harriman-Bear Mountain State Parks,Raccoon Brook Hills Trail/Pine Meadow Lake/Diamond Mountain Loop,Harriman-Bear Mountain State Parks,NY,7.2 miles,Moderate to Strenuous,Allowed on leash,ViewsWaterfall,62432,3164,65947,14370,58166,42456,2014-11-21 17:18:50.12987,2014-11-25 01:39:50.125605,41.173916,-74.168658,,69708,3810,186249,6919,,,,,,,,
52,"41.300185,-73.984509",http://www.nynjtc.org/hike/bear-mountainharriman-state-parks-0,Harriman-Bear Mountain State Parks,Bald Mountain/Doodletown Loop from Route 9W,Harriman-Bear Mountain State Parks,NY,5 miles,Strenuous,Allowed on leash,Views,77929,3629,76424,16633,71703,53312,2014-11-21 17:18:50.131043,2014-11-25 01:39:50.126884,41.300185,-73.984509,,86445,4362,172431,6787,,,,,,,,
53,"41.264792,-74.15426",http://www.nynjtc.org/hike/green-pondboston-mine-loop,Harriman-Bear Mountain State Parks,Green Pond/Boston Mine Longer Loop from Elk Pen,Harriman-Bear Mountain State Parks,NY,4.3 miles,Moderate to Strenuous,Allowed on leash,ViewsPublic TransportationHistoric feature,73435,3658,76856,16473,69170,50623,2014-11-21 17:18:50.132255,2014-11-25 01:39:50.128186,41.264792,-74.15426,,80712,4298,171560,6243,,,,,,,,
54,"41.194208,-74.18446",http://www.nynjtc.org/hike/claudius-smith-denparker-cabin-mountain-loop,Harriman-Bear Mountain State Parks,Claudius Smith Den/Parker Cabin Mountain Loop,Harriman-Bear Mountain State Parks,NY,8.5 miles,Moderate to Strenuous,Allowed on leash,Views,63822,3194,67243,14399,59556,43357,2014-11-21 17:18:50.13351,2014-11-25 01:39:50.129329,41.194208,-74.18446,,71098,3839,179950,6578,,,,,,,,
55,"41.324539,-73.988736",http://www.nynjtc.org/hike/popolopen-gorgepopolopen-torne-loop,Harriman-Bear Mountain State Parks,Popolopen Gorge/Popolopen Torne Loop,Harriman-Bear Mountain State Parks,NY,5 miles,Strenuous,Allowed on leash,ViewsWaterfallHistoric feature,76157,3461,79323,17546,74583,55689,2014-11-21 17:18:50.134733,2014-11-25 01:39:50.130436,41.324539,-73.988736,,84673,4194,169327,6541,,,,,,,,
56,"41.173916,-74.168658",http://www.nynjtc.org/hike/raccoon-brook-hills-trailcascade-slid-loop,Harriman-Bear Mountain State Parks,Raccoon Brook Hills Trail/Cascade of Slid Loop,Harriman-Bear Mountain State Parks,NY,5.4 miles,Moderate to Strenuous,Allowed on leash,Views,62432,3164,65947,14370,58166,42456,2014-11-21 17:18:50.135969,2014-11-25 01:39:50.13149,41.173916,-74.168658,,69708,3810,186249,6919,,,,,,,,
31,"42.159555,-74.203185",http://www.nynjtc.org/hike/devils-path-east-section,Catskill Park,Devils Path East Section,Catskills,NY,13.1 miles,Very Strenuous,Allowed off leash,Views,200786,8308,232289,49607,189009,141180,2014-11-21 17:18:50.106353,2014-11-25 01:39:50.132595,42.159555,-74.203185,,208062,8954,91521,4505,,,,,,,,
33,"42.023892,-74.599734",http://www.nynjtc.org/hike/balsam-lake-mountain-beaver-kill-road,Catskill Park,Balsam Lake Mountain from Beaver Kill Road,Catskills,NY,4.4 miles,Strenuous,Allowed off leash,Views,217097,9849,221772,50838,206198,155223,2014-11-21 17:18:50.108638,2014-11-25 01:39:50.133732,42.023892,-74.599734,,224373,10495,166528,8630,,,,,,,,
37,"41.420722,-73.868799",http://www.nynjtc.org/hike/catfish-loop-trail,Fahnestock State Park,Catfish Loop Trail,Fahnestock State Park,NY,4.9 miles,Easy to Moderate,Allowed on leash,Views,99509,4361,92259,20707,83394,63568,2014-11-21 17:18:50.112989,2014-11-25 01:39:50.134781,41.420722,-73.868799,,112545,5033,162137,6436,,,,,,,,
34,"42.200662,-74.058473",http://www.nynjtc.org/hike/northsouth-lake,Catskill Park,Catskill Escarpment Loop (North) from Scutt Road (North/South Lake),Catskills,NY,7.2 miles,Moderate,Allowed on leash,ViewsHistoric feature,192829,7878,220270,48275,190618,144402,2014-11-21 17:18:50.109773,2014-11-25 01:39:50.135802,42.200662,-74.058473,,200105,8523,83564,4075,,,,,,,,
32,"41.95102,-74.707197",http://www.nynjtc.org/hike/catskills-frick-pond-loop-quick-lake-big-rock-and-loggers-loop-trails,Catskill Park,"Catskills Frick Pond Loop Via Quick Lake, Big Rock and Loggers Loop Trails",Catskills,NY,2.2 miles,Easy,Allowed off leash,Views,186633,8052,191275,44462,175038,132089,2014-11-21 17:18:50.107487,2014-11-25 01:39:50.13687,41.95102,-74.707197,,193909,8697,178965,8587,,,,,,,,
35,"41.081923,-73.755898",http://www.nynjtc.org/hike/cranberry-lake-preserve,Cranberry Lake Preserve,Cranberry Lake Preserve Loop,Westchester County,NY,3 miles,Easy,No Dogs,WaterfallHistoric feature,48734,2593,50513,10979,43284,32596,2014-11-21 17:18:50.1109,2014-11-25 01:39:50.137918,41.081923,-73.755898,,61769,3265,211422,8001,,,,,,,,
39,"41.442839,-73.915168",http://www.nynjtc.org/hike/round-hilleast-mountain-loop,Fahnestock State Park,Round Hill/East Mountain Loop,Fahnestock State Park,NY,7.5 miles,Moderate,Allowed on leash,ViewsHistoric feature,91284,4299,96837,21844,85423,64578,2014-11-21 17:18:50.115252,2014-11-25 01:39:50.109427,41.442839,-73.915168,,104320,4970,166682,6234,,,,,,,,
63,"41.264792,-74.15426",http://www.nynjtc.org/hike/island-pondlemon-squeezer-loop,Harriman-Bear Mountain State Parks,Island Pond/Lemon Squeezer Loop,Harriman-Bear Mountain State Parks,NY,7.5 miles,Moderate to Strenuous,Allowed on leash,ViewsPublic Transportation,73435,3658,76856,16473,69170,50623,2014-11-21 17:18:50.144306,2014-11-25 01:39:50.140666,41.264792,-74.15426,,80712,4298,171560,6243,,,,,,,,
66,"41.30453,-74.019442",http://www.nynjtc.org/hike/west-mountain-loop-seven-lakes-drive,Harriman-Bear Mountain State Parks,West Mountain Loop from Seven Lakes Drive,Harriman-Bear Mountain State Parks,NY,5.4 miles,Moderate to Strenuous,Allowed on leash,Views,72377,3310,77952,18164,72813,54802,2014-11-21 17:18:50.147827,2014-11-25 01:39:50.143098,41.30453,-74.019442,,80893,4044,177106,6494,,,,,,,,
67,"41.194208,-74.18446",http://www.nynjtc.org/hike/Claudius-Smiths-Rock,Harriman-Bear Mountain State Parks,Claudius Smith's Rock Loop from Tuxedo,Harriman-Bear Mountain State Parks,NY,6.2 miles,Moderate to Strenuous,Allowed on leash,Views,63822,3194,67243,14399,59556,43357,2014-11-21 17:18:50.148956,2014-11-25 01:39:50.14508,41.194208,-74.18446,,71098,3839,179950,6578,,,,,,,,
68,"41.295607,-74.05961",http://www.nynjtc.org/hike/stockbridge-mountainnawahunta-fire-road-loop-silvermine-picnic-area,Harriman-Bear Mountain State Parks,Stockbridge Mountain/Nawahunta Fire Road Loop from Silvermine Picnic Area,Harriman-Bear Mountain State Parks,NY,4.7 miles,Moderate,Allowed on leash,Views,73915,3450,83770,19135,75978,56178,2014-11-21 17:18:50.150103,2014-11-25 01:39:50.146901,41.295607,-74.05961,,82431,4184,177850,6578,,,,,,,,
69,"41.241997,-74.102354",http://www.nynjtc.org/hike/iron-mines-short-loop,Harriman-Bear Mountain State Parks,Iron Mines Short Loop,Harriman-Bear Mountain State Parks,NY,3.8 miles,Easy to Moderate,Allowed on leash,ViewsHistoric feature,69797,3527,76347,17691,68554,50807,2014-11-21 17:18:50.151225,2014-11-25 01:39:50.148353,41.241997,-74.102354,,78313,4260,183193,7061,,,,,,,,
71,"41.281193,-73.962922",http://www.nynjtc.org/hike/dunderberg-spiral-railway-and-hudson-river-views,Harriman-Bear Mountain State Parks,Timp-Torne/Dunderberg Spiral Railway/R-D Trail Short Loop from Route 9W,Harriman-Bear Mountain State Parks,NY,3.9 miles,Moderate to Strenuous,Allowed on leash,ViewsHistoric feature,71501,3482,72211,15471,67490,50090,2014-11-21 17:18:50.17498,2014-11-25 01:39:50.149819,41.281193,-73.962922,,80017,4215,176427,6941,,,,,,,,
72,"41.297598,-74.027274",http://www.nynjtc.org/hike/black-mountain-harriman-state-park,Harriman-Bear Mountain State Parks,Black Mountain Loop from Anthony Wayne Recreation Area,Harriman-Bear Mountain State Parks,NY,7.5 miles,Moderate to Strenuous,Allowed on leash,Views,70821,3270,79515,19219,72927,55199,2014-11-21 17:18:50.176571,2014-11-25 01:39:50.151204,41.297598,-74.027274,,79337,4003,177356,6533,,,,,,,,
73,"41.241997,-74.102354",http://www.nynjtc.org/hike/hasenclever-mine-civil-warera-cemetery-and-cascades-harriman,Harriman-Bear Mountain State Parks,"Red Cross, Beech Trail and Long Path Loop from Lake Skannatati",Harriman-Bear Mountain State Parks,NY,8.4 miles,Moderate,Allowed on leash,ViewsWaterfall,69797,3527,76347,17691,68554,50807,2014-11-21 17:18:50.177827,2014-11-25 01:39:50.15269,41.241997,-74.102354,,78313,4260,183193,7061,,,,,,,,
74,"41.173916,-74.168658",http://www.nynjtc.org/hike/stony-brook-cascades-and-ramapo-torne-harriman-state-park,Harriman-Bear Mountain State Parks,Seven Hills/HTS/Raccoon Brook Hills Loop from Reeves Meadow,Harriman-Bear Mountain State Parks,NY,8 miles,Strenuous,Allowed on leash,ViewsWaterfall,62432,3164,65947,14370,58166,42456,2014-11-21 17:18:50.178994,2014-11-25 01:39:50.154031,41.173916,-74.168658,,69708,3810,186249,6919,,,,,,,,
75,"41.173916,-74.168658",http://www.nynjtc.org/hike/reeves-book-seven-hills-raccoon-brook-trails-torne-view,Harriman-Bear Mountain State Parks,Reeves Brook/Raccoon Brook Hills/Pine Meadow Trails Loop from Reeves Meadow,Harriman-Bear Mountain State Parks,NY,5 miles,Moderate,Allowed on leash,Views,62432,3164,65947,14370,58166,42456,2014-11-21 17:18:50.180179,2014-11-25 01:39:50.155371,41.173916,-74.168658,,69708,3810,186249,6919,,,,,,,,
77,"41.315548,-74.05004",http://www.nynjtc.org/hike/long-path-long-mountain-summit-harriman-state-park,Harriman-Bear Mountain State Parks,Long Path to Long Mountain Summit in Harriman State Park,Harriman-Bear Mountain State Parks,NY,2 miles,Moderate,Allowed on leash,Views,73604,3398,88575,20577,80537,59801,2014-11-21 17:18:50.182629,2014-11-25 01:39:50.1566,41.315548,-74.05004,,82120,4132,173706,6384,,,,,,,,
78,"41.312661,-73.988972",http://www.nynjtc.org/hike/appalachian-trail-major-welch-trail-loop-bear-mountain,Harriman-Bear Mountain State Parks,Bear Mountain Loop via Appalachian Trail and Major Welch Trail,Harriman-Bear Mountain State Parks,NY,4 miles,Strenuous,Allowed on leash,ViewsFees,76328,3497,78232,17208,73511,54791,2014-11-21 17:18:50.183854,2014-11-25 01:39:50.157851,41.312661,-73.988972,,84844,4230,170831,6656,,,,,,,,
79,"41.297598,-74.027274",http://www.nynjtc.org/hike/queensboro-and-turkey-hill-lakes,Harriman-Bear Mountain State Parks,Queensboro and Turkey Hill Lakes Loop from Anthony Wayne Recreation Area,Harriman-Bear Mountain State Parks,NY,4.6 miles,Moderate,Allowed on leash,ViewsHistoric featureWoods,70821,3270,79515,19219,72927,55199,2014-11-21 17:18:50.185043,2014-11-25 01:39:50.159168,41.297598,-74.027274,,79337,4003,177356,6533,,,,,,,,
80,"41.179887,-74.163916",http://www.nynjtc.org/hike/lake-sebago-and-stony-brook-harriman-state-park,Harriman-Bear Mountain State Parks,Lake Sebago and Stony Brook in Harriman State Park,Harriman-Bear Mountain State Parks,NY,5.1 miles,Easy to Moderate,Allowed on leash,Views,63316,3312,66832,14600,59024,43141,2014-11-21 17:18:50.186209,2014-11-25 01:39:50.160536,41.179887,-74.163916,,70593,3957,187133,7066,,,,,,,,
58,"41.312661,-73.988972",http://www.nynjtc.org/hike/bear-mountain-state-park-0,Harriman-Bear Mountain State Parks,Bear Mountain Loop via Major Welch Trail and Appalachian Trail,Harriman-Bear Mountain State Parks,NY,4 miles,Strenuous,Allowed on leash,Views,76328,3497,78232,17208,73511,54791,2014-11-21 17:18:50.138465,2014-11-25 01:39:50.161988,41.312661,-73.988972,,84844,4230,170831,6656,,,,,,,,
60,"41.179887,-74.163916",http://www.nynjtc.org/hike/harriman-state-park-10,Harriman-Bear Mountain State Parks,Almost Perpendicular/Claudius Smith Den Loop,Harriman-Bear Mountain State Parks,NY,4.7 miles,Moderate to Strenuous,Allowed on leash,ViewsPublic Transportation,63316,3312,66832,14600,59024,43141,2014-11-21 17:18:50.140794,2014-11-25 01:39:50.163259,41.179887,-74.163916,,70593,3957,187133,7066,,,,,,,,
59,"41.234516,-74.148972",http://www.nynjtc.org/hike/iron-mines-loop-2-southwest-harrimanbear-mountain-state-parks,Harriman-Bear Mountain State Parks,Iron Mines Loop #2 (Southwest) in Harriman-Bear Mountain State Parks,Harriman-Bear Mountain State Parks,NY,8.5 miles,Moderate,Allowed on leash,ViewsHistoric feature,72844,3674,79394,18443,71348,52889,2014-11-21 17:18:50.139644,2014-11-25 01:39:50.164543,41.234516,-74.148972,,81360,4407,179687,6666,,,,,,,,
61,"41.281193,-73.962922",http://www.nynjtc.org/hike/dunderberg-spiral-railwaybald-mountain-loop,Harriman-Bear Mountain State Parks,Dunderberg Spiral Railway/Bald Mountain Loop,Harriman-Bear Mountain State Parks,NY,7 miles,Strenuous,Allowed on leash,ViewsHistoric feature,71501,3482,72211,15471,67490,50090,2014-11-21 17:18:50.141939,2014-11-25 01:39:50.165698,41.281193,-73.962922,,80017,4215,176427,6941,,,,,,,,
62,"41.234516,-74.148972",http://www.nynjtc.org/hike/parker-cabinblack-rock-mountain-loop-route-106,Harriman-Bear Mountain State Parks,Parker Cabin/Black Rock Mountain Loop from Route 106,Harriman-Bear Mountain State Parks,NY,4.7 miles,Moderate to Strenuous,Allowed on leash,Views,72844,3674,79394,18443,71348,52889,2014-11-21 17:18:50.143156,2014-11-25 01:39:50.13934,41.234516,-74.148972,,81360,4407,179687,6666,,,,,,,,
89,"41.01394,-72.006879",http://www.nynjtc.org/hike/hither-hills-and-hither-woods-loop,Hither Hills State Park and Hither Woods Preserve,Hither Hills and Hither Woods Loop,Long Island,NY,11.3 miles,Moderate,Allowed on leash,ViewsHistoric featureWoods,179351,8554,204529,39815,181751,134695,2014-11-21 17:18:50.196563,2014-11-25 01:39:50.168044,41.01394,-72.006879,,182945,8853,406452,16824,,,,,,,,
90,"41.144342,-73.909621",http://www.nynjtc.org/hike/long-pathbike-path-loop-rockland-lake-state-park,Hook Mountain State Park,Long Path/Bike Path Loop from Landing Road,Rockland County,NY,6 miles,Moderate,Allowed on leash,ViewsHistoric feature,51989,3006,51216,10816,49190,36590,2014-11-21 17:18:50.197724,2014-11-25 01:39:50.1692,41.144342,-73.909621,,60505,3740,213489,7842,,,,,,,,
91,"41.357919,-74.668965",http://www.nynjtc.org/hike/lenape-ridgeminisink-trail-loop,Huckleberry Ridge State Forest,Lenape Ridge/Minisink Trail Loop,Shawangunk Mountains,NY,5 miles,Moderate,Allowed on leash,ViewsPublic Transportation,133061,5642,133656,29259,112080,83762,2014-11-21 17:18:50.19886,2014-11-25 01:39:50.17036,41.357919,-74.668965,,128152,6353,198901,7059,,,,,,,,
92,"41.326037,-73.948631",http://www.nynjtc.org/hike/hudson-highlands-gateway-park-cortlandt-new-york,"Hudson Highlands Gateway Park (Cortlandt, New York)",Hudson Highlands Gateway Park Loop,Westchester County,NY,4.3 miles,Moderate,Allowed on leash,ViewsWaterfall,80881,3853,89566,19927,73973,56240,2014-11-21 17:18:50.199996,2014-11-25 01:39:50.171516,41.326037,-73.948631,,89397,4587,175383,7016,,,,,,,,
95,"41.42207,-74.03458",http://www.nynjtc.org/hike/family-friendly-woodland-quest-trail-hudson-highlands-nature-center,Hudson Highlands Nature Museum Outdoor Discovery Center,Family Friendly Woodland Quest Trail at Hudson Highlands Nature Center,Storm King and Black Rock Forest,NY,1 miles,Moderate,No Dogs,Views,94985,4402,99388,22967,91419,67066,2014-11-21 17:18:50.20346,2014-11-25 01:39:50.17369,41.42207,-74.03458,,103501,5136,154097,5994,,,,,,,,
97,"41.493547,-73.959854",http://www.nynjtc.org/hike/east-hudson-highlands-beacon-ny,Hudson Highlands State Park,South Beacon Mountain Firetower and Scofield Ridge,East Hudson Highlands,NY,8 miles,Strenuous,Allowed on leash,ViewsPublic TransportationHistoric feature,115478,5052,114532,24328,109573,81923,2014-11-21 17:18:50.20574,2014-11-25 01:39:50.17472,41.493547,-73.959854,,108476,5516,153070,5757,,,,,,,,
98,"41.380049,-73.94699",http://www.nynjtc.org/hike/arden-point-and-glenclyffe-garrison-ny,Hudson Highlands State Park,"Arden Point and Glenclyffe (Garrison, N.Y.)",East Hudson Highlands,NY,3.7 miles,Easy,Allowed on leash,ViewsPublic Transportation,83131,4257,91972,21103,79289,59022,2014-11-21 17:18:50.206963,2014-11-25 01:39:50.175764,41.380049,-73.94699,,92917,4663,169612,6682,,,,,,,,
99,"41.426591,-73.96539",http://www.nynjtc.org/hike/east-hudson-highlands,Hudson Highlands State Park,Bull Hill (Mt. Taurus) via Washburn/Notch/Brook/Cornish Trail Loop,East Hudson Highlands,NY,4.8 miles,Strenuous,Allowed on leash,ViewsPublic Transportation,145275,5973,149941,31316,134032,100264,2014-11-21 17:18:50.208103,2014-11-25 01:39:50.176779,41.426591,-73.96539,,99993,5075,161299,6151,,,,,,,,
100,"41.353039,-73.924491",http://www.nynjtc.org/hike/east-hudson-highlands-0,Hudson Highlands State Park,Appalachian Trail /Osborn Loop Trail from Route 9,East Hudson Highlands,NY,6 miles,Moderate,Allowed on leash,Views,96818,4502,101220,24212,90098,66707,2014-11-21 17:18:50.2092,2014-11-25 01:39:50.178095,41.353039,-73.924491,,93721,4501,177139,6657,,,,,,,,
101,"41.447809,-73.980861",http://www.nynjtc.org/hike/breakneck-ridge-trail,Hudson Highlands State Park,Breakneck Ridge Loop,East Hudson Highlands,NY,2.8 miles,Strenuous,Allowed on leash,ViewsPublic Transportation,94868,4444,96181,22446,89698,67801,2014-11-21 17:18:50.21033,2014-11-25 01:39:50.179305,41.447809,-73.980861,,102697,5205,158584,6019,,,,,,,,
102,"41.434633,-73.93654",http://www.nynjtc.org/hike/east-hudson-highlands-2,Hudson Highlands State Park,Bull Hill (Mt. Taurus) via Lone Star/Nelsonville/Washburn/Undercliff Trails Loop,East Hudson Highlands,NY,5.8 miles,Strenuous,Allowed on leash,Views,97232,4541,101634,24406,90512,67091,2014-11-21 17:18:50.211469,2014-11-25 01:39:50.180365,41.434633,-73.93654,,99930,5065,167692,6247,,,,,,,,
103,"41.414781,-73.957944",http://www.nynjtc.org/hike/east-hudson-highlands-3,Hudson Highlands State Park,Undercliff/Brook/Cornish Trail Loop from Cold Spring station,East Hudson Highlands,NY,6 miles,Strenuous,Allowed on leash,ViewsPublic Transportation,70965,3410,73036,15859,64623,48716,2014-11-21 17:18:50.212591,2014-11-25 01:39:50.181407,41.414781,-73.957944,,99704,5135,162954,6336,,,,,,,,
104,"41.424397,-73.949215",http://www.nynjtc.org/hike/east-hudson-highlands-4,Hudson Highlands State Park,Nelsonville/Notch/Breakneck Ridge Trail Loop,East Hudson Highlands,NY,7 miles,Strenuous,Allowed on leash,ViewsPublic Transportation,47150,2541,49025,10478,41713,31228,2014-11-21 17:18:50.213755,2014-11-25 01:39:50.182469,41.424397,-73.949215,,98866,5023,163187,6352,,,,,,,,
186,"41.180915,-73.684788",http://www.nynjtc.org/hike/westmoreland-sanctuary-loop-hike,"Westmoreland Sanctuary (Mt. Kisco, N.Y.)",Westmoreland Sanctuary Loop Hike,Westchester County,NY,6 miles,Moderate,No Dogs,Views,69181,3328,66831,14762,58035,43987,2014-11-21 17:18:50.304393,2014-11-25 01:39:50.183493,41.180915,-73.684788,,77606,3821,198573,7597,,,,,,,,
82,"41.234516,-74.148972",http://www.nynjtc.org/hike/green-pondboston-mine-shorter-loop-route-106,Harriman-Bear Mountain State Parks,Green Pond/Boston Mine Shorter Loop from Route 106,Harriman-Bear Mountain State Parks,NY,2.8 miles,Easy,Allowed on leash,ViewsHistoric featureWoods,72844,3674,79394,18443,71348,52889,2014-11-21 17:18:50.188549,2014-11-25 01:39:50.18453,41.234516,-74.148972,,81360,4407,179687,6666,,,,,,,,
84,"41.174788,-74.08526",http://www.nynjtc.org/hike/ramapo-escarpment-and-pine-meadow-lake,Harriman-Bear Mountain State Parks,Ramapo Escarpment and Pine Meadow Lake from Town of Ramapo Equestrian Center,Harriman-Bear Mountain State Parks,NY,6.2 miles,Moderate,Allowed on leash,Views,61110,2972,61192,13227,55444,40340,2014-11-21 17:18:50.190889,2014-11-25 01:39:50.185546,41.174788,-74.08526,,69626,3706,197902,7140,,,,,,,,
85,"41.295607,-74.05961",http://www.nynjtc.org/hike/silvermine-lake-loop,Harriman-Bear Mountain State Parks,Silvermine Lake Loop,Harriman-Bear Mountain State Parks,NY,3.8 miles,Moderate,Allowed on leash,ViewsHistoric featureWoods,73915,3450,83770,19135,75978,56178,2014-11-21 17:18:50.192068,2014-11-25 01:39:50.186575,41.295607,-74.05961,,82431,4184,156344,6133,,,,,,,,
86,"41.275723,-74.0887",http://www.nynjtc.org/hike/goshen-and-stevens-mountains,Harriman-Bear Mountain State Parks,Goshen and Stevens Mountains,Harriman-Bear Mountain State Parks,NY,7 miles,Moderate,Allowed on leash,ViewsWoods,70761,3488,80325,18624,72419,53822,2014-11-21 17:18:50.193221,2014-11-25 01:39:50.187617,41.275723,-74.0887,,79277,4222,187833,7241,,,,,,,,
87,"41.185126,-74.073896",http://www.nynjtc.org/hike/tuxedo-mt-ivy-trail-loop-diltz-rd-diltzes-lane,Harriman-Bear Mountain State Parks,Breakneck Mountain Loop from Diltz Road (Diltzes Lane),Harriman-Bear Mountain State Parks,NY,6.9 miles,Moderate,Allowed on leash,ViewsPublic TransportationWoods,60553,3029,62940,13445,57170,41622,2014-11-21 17:18:50.194359,2014-11-25 01:39:50.188683,41.185126,-74.073896,,84001,4081,193850,7250,,,,,,,,
88,"40.73947,-74.008327",http://www.nynjtc.org/hike/high-line-wtc-site-esplanade-hudson-river-park,"High Line, The Esplanade, Hudson River Park",High Line from the WTC Site via The Esplanade & Hudson River Park,New York City,NY,4.75 miles,Easy to Moderate,No Dogs,ViewsHandicap AccessiblePublic TransportationHistoric feature,4204,588,4094,969,3909,2882,2014-11-21 17:18:50.195451,2014-11-25 01:39:50.166843,40.73947,-74.008327,,8151,950,241189,9192,,,,,,,,
126,"41.736039,-74.200394",http://www.nynjtc.org/hike/dickie-barre-peters-kill-and-awosting-falls-loop,Mohonk Preserve,"Dickie Barre, Peters Kill and Awosting Falls Loop",Shawangunk Mountains,NY,7.5 miles,Strenuous,Allowed on leash,ViewsWaterfallFees,190210,7882,193790,42152,171903,127169,2014-11-21 17:18:50.238963,2014-11-25 01:39:50.190765,41.736039,-74.200394,,77841,3847,207930,7419,,,,,,,,
127,"41.742371,-74.199944",http://www.nynjtc.org/hike/millbrook-mountain-millbrook-ridge-trail,Mohonk Preserve,Millbrook Mountain via Millbrook Ridge Trail,Shawangunk Mountains,NY,6.5 miles,Moderate,Allowed on leash,ViewsFees,203148,8589,210476,47749,182180,135960,2014-11-21 17:18:50.240112,2014-11-25 01:39:50.191822,41.742371,-74.199944,,51814,3127,197582,8193,,,,,,,,
128,"41.795208,-74.128532",http://www.nynjtc.org/hike/bonticou-crag,Mohonk Preserve,Bonticou Crag,Shawangunk Mountains,NY,3 miles,Strenuous,Allowed on leash,ViewsFees,200786,8308,232289,49607,189009,141180,2014-11-21 17:18:50.241234,2014-11-25 01:39:50.192884,41.795208,-74.128532,,51814,3127,111696,5986,,,,,,,,
131,"41.795208,-74.128532",http://www.nynjtc.org/hike/bonticou-crag-mohonk-preserve,Mohonk Preserve,Northeast Crags/Bonticou Crag Loop from Spring Farm,Shawangunk Mountains,NY,7 miles,Moderate,No Dogs,ViewsFees,217097,9849,221772,50838,206198,155223,2014-11-21 17:18:50.24465,2014-11-25 01:39:50.195125,41.795208,-74.128532,,227146,10150,93845,4683,,,,,,,,
132,"41.795208,-74.128532",http://www.nynjtc.org/hike/spring-farm-mohonk-mountain-house-2,Mohonk Preserve and Mohonk Mountain House,Spring Farm to North Lookout at Mohonk Preserve,Shawangunk Mountains,NY,8 miles,Easy to Moderate,No Dogs,ViewsFeesHistoric feature,192829,7878,220270,48275,190618,144402,2014-11-21 17:18:50.245761,2014-11-25 01:39:50.196489,41.795208,-74.128532,,216564,9754,83564,4075,,,,,,,,
107,"41.301419,-73.951288",http://www.nynjtc.org/hike/camp-smith-trail,Hudson Highlands State Park,Camp Smith Trail,East Hudson Highlands,NY,4.3 miles,Strenuous,Allowed on leash,ViewsPublic Transportation,43298,2393,45532,9745,42598,31560,2014-11-21 17:18:50.21718,2014-11-25 01:39:50.197713,41.301419,-73.951288,,210386,9132,83564,4075,,,,,,,,
108,"41.283644,-73.67216",http://www.nynjtc.org/hike/westchester-county-sanctuary-ramble,Hunt-Parker Memorial Sanctuary and Mount Holly Sanctuary,Westchester County Sanctuary Ramble,Westchester County,NY,7.6 miles,Moderate,No Dogs,Woods,43298,2393,45532,9745,42598,31560,2014-11-21 17:18:50.218312,2014-11-25 01:39:50.19896,41.283644,-73.67216,,200105,8523,142802,6414,,,,,,,,
109,"41.276968,-73.845592",http://www.nynjtc.org/hike/hunter-brook-linear-park,Hunter Brook Linear Park,Hunter Brook Linear Park,Westchester County,NY,2.9 miles,Easy,No Dogs,ViewsWoods,199997,8138,206672,47605,191098,143626,2014-11-21 17:18:50.219461,2014-11-25 01:39:50.20021,41.276968,-73.845592,,200105,8523,83050,4207,,,,,,,,
110,"42.638692,-74.01509",http://www.nynjtc.org/hike/cliff-edge-overlook-and-indian-ladder-long-path-and-escarpment-trails,John Boyd Thacher State Park,Cliff Edge Overlook and Indian Ladder via the Long Path and Escarpment Trails,Other NY,NY,5.7 miles,Easy,Allowed on leash,ViewsWaterfallHistoric featureWoods,219870,9505,248966,53088,211126,157055,2014-11-21 17:18:50.220608,2014-11-25 01:39:50.201475,42.638692,-74.01509,,228375,10024,127013,5869,,,,,,,,
111,"42.666399,-74.030366",http://www.nynjtc.org/hike/hang-glider-overlook-and-high-point-overlook-long-path,John Boyd Thacher State Park,Hang Glider Overlook and High Point Overlook via the Long Path,Other NY,NY,4.45 miles,Easy,Allowed on leash,ViewsWoods,209288,9109,245758,53325,184484,138879,2014-11-21 17:18:50.221777,2014-11-25 01:39:50.202885,42.666399,-74.030366,,215622,9716,93883,4786,,,,,,,,
119,"41.742371,-74.199944",http://www.nynjtc.org/hike/mossy-glenlong-pathcastle-pointhamilton-point-loop,Minnewaska State Park Preserve,Mossy Glen/Rainbow Falls/Castle Point/Hamilton Point Loop,Shawangunk Mountains,NY,10 miles,Moderate to Strenuous,Allowed on leash,ViewsWaterfallFees,208346,9071,235787,52072,206135,156024,2014-11-21 17:18:50.231099,2014-11-25 01:39:50.204106,41.742371,-74.199944,,193942,8916,85746,4433,,,,,,,,
118,"41.742371,-74.199944",http://www.nynjtc.org/hike/mossy-glenblueberry-runcastle-point-carriageway-loop,Minnewaska State Park Preserve,Mossy Glen/Blueberry Run/Castle Point Carriage Road Loop,Shawangunk Mountains,NY,8.7 miles,Moderate,Allowed on leash,ViewsWaterfallSwimmingFees,221099,9379,250194,54319,212469,158456,2014-11-21 17:18:50.229981,2014-11-25 01:39:50.205319,41.742371,-74.199944,,210425,9234,205129,7940,,,,,,,,
122,"41.742371,-74.199944",http://www.nynjtc.org/hike/mossy-glen-pathblueberry-glen-pathlong-path-loop,Minnewaska State Park Preserve,Mossy Glen/Blueberry Run/Rainbow Falls/Hamilton Point Loop,Shawangunk Mountains,NY,9.1 miles,Moderate,Allowed on leash,ViewsSwimmingFees,211042,9297,238483,52655,208831,158104,2014-11-21 17:18:50.234375,2014-11-25 01:39:50.206535,41.742371,-74.199944,,218318,9942,198809,7624,,,,,,,,
120,"41.73507,-74.239082",http://www.nynjtc.org/hike/castle-point-carriagewaylake-awosting-carriagewayupper-awosting-carriageway-loop,Minnewaska State Park Preserve,Castle Point Carriage Road/Lake Awosting Carriage Road/Upper Awosting Carriage Road Loop,Shawangunk Mountains,NY,8.5 miles,Moderate,Allowed on leash,ViewsSwimmingFees,186666,8270,203253,44760,166325,124322,2014-11-21 17:18:50.232194,2014-11-25 01:39:50.207727,41.73507,-74.239082,,197486,8527,117550,5259,,,,,,,,
121,"41.73507,-74.239082",http://www.nynjtc.org/hike/gertrudes-nose-loopmillbrook-mountain,Minnewaska State Park Preserve,Gertrude's Nose Loop/Millbrook Mountain,Shawangunk Mountains,NY,8 miles,Moderate to Strenuous,Allowed on leash,ViewsSwimmingFees,203148,8589,210476,47749,182180,135960,2014-11-21 17:18:50.233307,2014-11-25 01:39:50.208861,41.73507,-74.239082,,145273,6754,93883,4786,,,,,,,,
113,"41.348851,-73.760233",http://www.nynjtc.org/hike/koegel-park-north-county-trailway,Koegel Park,Koegel Park via the North County Trailway,Westchester County,NY,2.9 miles,Easy,No Dogs,Public Transportation,203110,8487,229967,48865,193197,143429,2014-11-21 17:18:50.22413,2014-11-25 01:39:50.210335,41.348851,-73.760233,,124139,5571,139407,6007,,,,,,,,
115,"41.339894,-73.959103",http://www.nynjtc.org/hike/manitoga,Manitoga,Manitoga to Appalachian Trail Circuit,East Hudson Highlands,NY,4.6 miles,Moderate,Allowed on leash,ViewsPublic Transportation,192829,7878,220270,48275,190618,144402,2014-11-21 17:18:50.22648,2014-11-25 01:39:50.212076,41.339894,-73.959103,,90407,4903,151663,6335,,,,,,,,
117,"40.955971,-73.703262",http://www.nynjtc.org/hike/along-long-island-sound-marshlands-conservancy,Marshlands Conservancy,Along Long Island Sound in Marshlands Conservancy,Westchester County,NY,1 miles,Easy,No Dogs,ViewsPublic Transportation,192829,7878,220270,48275,190618,144402,2014-11-21 17:18:50.228876,2014-11-25 01:39:50.213321,40.955971,-73.703262,,105748,5275,189569,7205,,,,,,,,
125,"41.742371,-74.199944",http://www.nynjtc.org/hike/old-minnewaska-trail-and-undivided-lot-trail,Mohonk Preserve,Old Minnewaska Trail and Undivided Lot Trail,Shawangunk Mountains,NY,7.5 miles,Moderate to Strenuous,Allowed on leash,ViewsSwimmingFees,211042,9297,238483,52655,208831,158104,2014-11-21 17:18:50.237794,2014-11-25 01:39:50.189722,41.742371,-74.199944,,56302,3258,207930,7419,,,,,,,,
129,"41.742371,-74.199944",http://www.nynjtc.org/hike/undercliffovercliff-carriage-roads-loop,Mohonk Preserve,Undercliff/Overcliff Carriage Roads Loop,Shawangunk Mountains,NY,5 miles,Easy,Allowed on leash,ViewsFeesBikes allowed,186633,8052,191275,44462,175038,132089,2014-11-21 17:18:50.242343,2014-11-25 01:39:50.193946,41.742371,-74.199944,,207273,8784,137669,6702,,,,,,,,
141,"41.092548,-73.856664",http://www.nynjtc.org/hike/pocantico-hills-loop-walk,Rockefeller State Park Preserve,Pocantico Hills Loop Walk,Westchester County,NY,5.7 miles,Easy,Allowed on leash,Views,101123,4912,104289,23478,95434,72033,2014-11-21 17:18:50.256199,2014-11-25 01:39:50.215863,41.092548,-73.856664,,103383,5177,162137,6436,,,,,,,,
142,"41.126694,-73.87207",http://www.nynjtc.org/hike/rockwood-hall-sleepy-hollow,Rockefeller State Park Preserve,Rockwood Hall at Sleepy Hollow,Westchester County,NY,2.1 miles,Easy,Allowed on leash,ViewsHistoric feature,74291,3365,77544,16484,74601,55767,2014-11-21 17:18:50.257415,2014-11-25 01:39:50.217258,41.126694,-73.87207,,104320,4970,166682,6234,,,,,,,,
144,"41.669963,-74.361649",http://www.nynjtc.org/hike/sams-point-indian-rock-high-point-and-verkeerder-kill-falls-loop,Sam's Point Preserve,"Sam's Point, Indian Rock, High Point and Verkeerder Kill Falls Loop",Shawangunk Mountains,NY,10 miles,Moderate to Strenuous,Allowed on leash,ViewsFees,70821,3270,79515,19219,72927,55199,2014-11-21 17:18:50.25975,2014-11-25 01:39:50.218661,41.669963,-74.361649,,112545,5033,162137,6436,,,,,,,,
145,"40.977954,-73.745298",http://www.nynjtc.org/hike/saxon-woods-park-southern-loop,Saxon Woods Park,Saxon Woods Park Southern Loop,Westchester County,NY,2.7 miles,Easy,Allowed on leash,Public Transportation,70821,3270,79515,19219,72927,55199,2014-11-21 17:18:50.260849,2014-11-25 01:39:50.220031,40.977954,-73.745298,,106927,4738,156519,6141,,,,,,,,
146,"41.407553,-74.081725",http://www.nynjtc.org/hike/schunemunk-mountain-jessupbarton-swampdark-hollow-trails-loop,Schunemunk Mountain State Park,"Schunemunk Mountain Loop from Taylor Road via Jessup, Western Ridge and Dark Hollow Trails",Schunemunk Mountain,NY,8.2 miles,Strenuous,Allowed on leash,ViewsPublic Transportation,73915,3450,83770,19135,75978,56178,2014-11-21 17:18:50.261979,2014-11-25 01:39:50.221398,41.407553,-74.081725,,109639,5645,152596,5842,,,,,,,,
147,"41.425755,-74.101685",http://www.nynjtc.org/hike/schunemunk-mountain-loop-otterkill-road,Schunemunk Mountain State Park,Schunemunk Mountain Loop from Otterkill Road,Schunemunk Mountain,NY,8.5 miles,Strenuous,Allowed on leash,Views,70761,3488,80325,18624,72419,53822,2014-11-21 17:18:50.263099,2014-11-25 01:39:50.222777,41.425755,-74.101685,,87326,4036,173812,6831,,,,,,,,
148,"41.407553,-74.081725",http://www.nynjtc.org/hike/schunemunk-mountain-dark-hollow-jessup-trails,Schunemunk Mountain State Park,"Schunemunk Mountain Loop from Taylor Road via Dark Hollow, Jessup and Western Ridge Trails",Schunemunk Mountain,NY,9 miles,Strenuous,Allowed on leash,ViewsWaterfallPublic Transportation,61851,3186,65366,14188,57558,41955,2014-11-21 17:18:50.264267,2014-11-25 01:39:50.224079,41.407553,-74.081725,,79337,4003,177356,6533,,,,,,,,
150,"41.407553,-74.081725",http://www.nynjtc.org/hike/schunemunk-mountain-loop-from-taylor-road-via-jessup-trail-long-path-sweet-clover-trail,Schunemunk Mountain State Park,"Schunemunk Mountain Loop from Taylor Road via Jessup, Western Ridge and Sweet Clover Trails",Schunemunk Mountain,NY,7.5 miles,Strenuous,Allowed on leash,ViewsWaterfallPublic Transportation,77929,3629,76424,16633,71703,53312,2014-11-21 17:18:50.266546,2014-11-25 01:39:50.226609,41.407553,-74.081725,,79337,4003,177356,6533,,,,,,,,
151,"41.360641,-74.108126",http://www.nynjtc.org/hike/long-path-schunemunk-mountain,Schunemunk Mountain State Park,Long Path on Schunemunk Mountain,Schunemunk Mountain,NY,7 miles,Strenuous,Allowed on leash,Views,73435,3658,76856,16473,69170,50623,2014-11-21 17:18:50.267688,2014-11-25 01:39:50.227893,41.360641,-74.108126,,82431,4184,177850,6578,,,,,,,,
152,"41.840856,-73.991375",http://www.nynjtc.org/hike/shaupeneak-ridge-cooperative-recreation-area,Shaupeneak Ridge Cooperative Recreation Area,Shaupeneak Ridge Cooperative Recreation Area,Other NY,NY,5.6 miles,Strenuous,Allowed on leash,ViewsWaterfall,63822,3194,67243,14399,59556,43357,2014-11-21 17:18:50.268816,2014-11-25 01:39:50.229176,41.840856,-73.991375,,79277,4222,179070,6780,,,,,,,,
153,"41.576966,-74.465316",http://www.nynjtc.org/hike/long-path-and-shawangunk-ridge-trail-wurtsboro-ny,Shawangunk Ridge Trail,"Long Path and Shawangunk Ridge Trail (Wurtsboro, N.Y.)",Long Distance Trails,NY,10 miles,Strenuous,Allowed on leash,Views,76157,3461,79323,17546,74583,55689,2014-11-21 17:18:50.269931,2014-11-25 01:39:50.230621,41.576966,-74.465316,,69708,3810,186249,6919,,,,,,,,
154,"41.1989,-74.25684",http://www.nynjtc.org/hike/sterling-forest-fire-tower-and-iron-mines,Sterling Forest State Park,Sterling Forest Fire Tower and Iron Mines,Sterling Forest,NY,4.3 miles,Moderate,Allowed on leash,Views,62432,3164,65947,14370,58166,42456,2014-11-21 17:18:50.271044,2014-11-25 01:39:50.232002,41.1989,-74.25684,,86445,4362,172431,6787,,,,,,,,
156,"41.1989,-74.25684",http://www.nynjtc.org/hike/sterling-lake-loop,Sterling Forest State Park,Sterling Lake Loop,Sterling Forest,NY,4.2 miles,Easy to Moderate,Allowed on leash,ViewsHistoric feature,76328,3497,78232,17208,73511,54791,2014-11-21 17:18:50.27331,2014-11-25 01:39:50.233324,41.1989,-74.25684,,80712,4298,171560,6243,,,,,,,,
159,"41.1989,-74.25684",http://www.nynjtc.org/hike/bare-rock-trail-greenwood-lake-overlook,Sterling Forest State Park,Bare Rock Trail to Greenwood Lake Overlook,Sterling Forest,NY,7.5 miles,Strenuous,Allowed on leash,ViewsHistoric feature,72844,3674,79394,18443,71348,52889,2014-11-21 17:18:50.276579,2014-11-25 01:39:50.235111,41.1989,-74.25684,,71098,3839,179950,6578,,,,,,,,
135,"41.311023,-73.562357",http://www.nynjtc.org/hike/mountain-lakes-park-north-salem-ny,"Mountain Lakes County Park (North Salem, N.Y.)","Mountain Lakes Park (North Salem, N.Y.)",Westchester County,NY,5.5 miles,Moderate,Allowed on leash,ViewsWoods,99509,4361,92259,20707,83394,63568,2014-11-21 17:18:50.249275,2014-11-25 01:39:50.236539,41.311023,-73.562357,,84673,4194,169327,6541,,,,,,,,
138,"41.163867,-73.863903",http://www.nynjtc.org/hike/old-croton-aqueduct-ossining-quaker-bridge,Old Croton Aqueduct State Historic Park,Old Croton Aqueduct from Ossining to Quaker Bridge - Walk and Bike,Westchester County,NY,5.5 miles,Easy to Moderate,Allowed on leash,ViewsPublic Transportation,91284,4299,96837,21844,85423,64578,2014-11-21 17:18:50.252684,2014-11-25 01:39:50.237993,41.163867,-73.863903,,69708,3810,106671,4512,,,,,,,,
137,"41.120746,-73.911552",http://www.nynjtc.org/hike/long-pathhook-mountain-bike-path-loop-summit-hook-mountain,Nyack Beach State Park,Long Path/Hook Mountain Bike Path Loop to Summit of Hook Mountain,Rockland County,NY,6 miles,Moderate,Allowed on leash,Views,96295,4173,95473,21613,86608,66088,2014-11-21 17:18:50.25157,2014-11-25 01:39:50.239418,41.120746,-73.911552,,208062,8954,186249,6919,,,,,,,,
139,"41.066798,-73.860312",http://www.nynjtc.org/hike/old-croton-aqueduct-tarrytown-yonkers,Old Croton Aqueduct State Historic Park,Old Croton Aqueduct from Tarrytown to Yonkers,Westchester County,NY,9 miles,Easy,Allowed on leash,ViewsPublic TransportationHistoric feature,99509,4361,92259,20707,83394,63568,2014-11-21 17:18:50.25386,2014-11-25 01:39:50.240983,41.066798,-73.860312,,224373,10495,91521,4505,,,,,,,,
133,"41.795208,-74.128532",http://www.nynjtc.org/hike/spring-farm-mohonk-mountain-house-1,Mohonk Preserve and Mohonk Mountain House,Spring Farm to Mohonk Mountain House,Shawangunk Mountains,NY,9 miles,Moderate,No Dogs,ViewsFees,48734,2593,50513,10979,43284,32596,2014-11-21 17:18:50.246997,2014-11-25 01:39:50.24252,41.795208,-74.128532,,112545,5033,166528,8630,,,,,,,,
140,"41.066798,-73.860312",http://www.nynjtc.org/hike/old-croton-aqueduct-tarrytown-ossining,Old Croton Aqueduct State Historic Park,Old Croton Aqueduct from Tarrytown to Ossining,Westchester County,NY,9 miles,Easy to Moderate,Allowed on leash,ViewsPublic Transportation,93891,4067,103938,22595,89012,67919,2014-11-21 17:18:50.255012,2014-11-25 01:39:50.214595,41.066798,-73.860312,,152552,6618,155714,6003,,,,,,,,
170,"42.05022,-73.46699",http://www.nynjtc.org/hike/south-taconic-tristate-hike,Taconic State Park,South Taconic Tri-State Hike,Southern Taconics,MA/CT/NY,11 miles,Moderate to Strenuous,Allowed on leash,ViewsWaterfall,69797,3527,76347,17691,68554,50807,2014-11-21 17:18:50.288902,2014-11-25 01:39:50.245339,42.05022,-73.46699,,193909,8697,211422,8001,,,,,,,,
172,"41.029138,-73.916493",http://www.nynjtc.org/hike/long-pathbike-path-loop-tallman-mountain-state-park,Tallman Mountain State Park,Long Path/Bike Path Loop in Tallman Mountain State Park,Rockland County,NY,4.3 miles,Easy,Allowed on leash,Views,70821,3270,79515,19219,72927,55199,2014-11-21 17:18:50.29114,2014-11-25 01:39:50.246702,41.029138,-73.916493,,61769,3265,187133,7066,,,,,,,,
173,"41.211169,-73.827353",http://www.nynjtc.org/hike/teatown-lake-reservation,Teatown Lake Reservation,Teatown Lake/Northwest Trail/Hidden Valley Loop,Westchester County,NY,4.5 miles,Easy to Moderate,Allowed on leash,Views,71501,3482,72211,15471,67490,50090,2014-11-21 17:18:50.292135,2014-11-25 01:39:50.248055,41.211169,-73.827353,,81360,4407,179687,6666,,,,,,,,
174,"41.211169,-73.827353",http://www.nynjtc.org/hike/croft-trail-vernay-lake-teatown,Teatown Lake Reservation,Vernay Lake/Hidden Valley Loop,Westchester County,NY,2.2 miles,Easy to Moderate,Allowed on leash,ViewsWoods,70821,3270,79515,19219,72927,55199,2014-11-21 17:18:50.293125,2014-11-25 01:39:50.249483,41.211169,-73.827353,,80712,4298,171560,6243,,,,,,,,
178,"41.587491,-73.947215",http://www.nynjtc.org/hike/wappinger-greenway-trail,Wappinger Greenway Trail,Wappinger Greenway Trail,Dutchess County,NY,5 miles,Moderate,Allowed on leash,Public TransportationHistoric feature,62432,3164,65947,14370,58166,42456,2014-11-21 17:18:50.296911,2014-11-25 01:39:50.2508,41.587491,-73.947215,,78313,4260,183193,7061,,,,,,,,
179,"41.248483,-73.595781",http://www.nynjtc.org/hike/ward-pound-ridge-southwest-loop-leathermans-cave,Ward Pound Ridge Reservation,Ward Pound Ridge Southwest Loop to Leatherman's Cave,Westchester County,NY,6.5 miles,Moderate,Allowed on leash,Views,62432,3164,65947,14370,58166,42456,2014-11-21 17:18:50.297837,2014-11-25 01:39:50.252037,41.248483,-73.595781,,80893,4044,177106,6494,,,,,,,,
180,"41.268259,-73.609085",http://www.nynjtc.org/hike/along-cross-river-ward-pound-ridge-reservation,Ward Pound Ridge Reservation,Northern Loop along Cross River in Ward Pound Ridge Reservation,Westchester County,NY,4.6 miles,Moderate,Allowed on leash,Views,73604,3398,88575,20577,80537,59801,2014-11-21 17:18:50.298753,2014-11-25 01:39:50.253266,41.268259,-73.609085,,71098,3839,179950,6578,,,,,,,,
181,"41.299476,-73.643417",http://www.nynjtc.org/hike/southeast-loop-ward-pound-ridge-highest-point-park,Ward Pound Ridge Reservation,Southeast Loop at Ward Pound Ridge to Highest Point in the Park,Westchester County,NY,3.8 miles,Moderate,Allowed on leash,Fees,76328,3497,78232,17208,73511,54791,2014-11-21 17:18:50.299687,2014-11-25 01:39:50.254419,41.299476,-73.643417,,82431,4184,177850,6578,,,,,,,,
182,"41.264905,-73.616295",http://www.nynjtc.org/hike/westchester-high-point-rock-shelter-stone-walls-and-more,Ward Pound Ridge Reservation,Loop Hike to Fire Tower Site and Indian Rock Shelter from Michigan Road Parking Area,Westchester County,NY,4 miles,Moderate,Allowed on leash,ViewsHistoric feature,70821,3270,79515,19219,72927,55199,2014-11-21 17:18:50.300617,2014-11-25 01:39:50.255674,41.264905,-73.616295,,78313,4260,183193,7061,,,,,,,,
183,"41.248483,-73.595781",http://www.nynjtc.org/hike/rocks-trail-ward-pound-ridge-reservation,Ward Pound Ridge Reservation,Rocks Trail at Ward Pound Ridge Reservation,Westchester County,NY,7.5 miles,Moderate to Strenuous,Allowed on leash,ViewsHistoric feature,63316,3312,66832,14600,59024,43141,2014-11-21 17:18:50.301594,2014-11-25 01:39:50.256873,41.248483,-73.595781,,80017,4215,176427,6941,,,,,,,,
184,"41.297413,-73.613892",http://www.nynjtc.org/hike/moderate-loop-includes-old-ccc-camp-ward-pound-ridge-reservation,Ward Pound Ridge Reservation,"Loop hike to CCC Camp Ruins, Indian Rock Shelter, Raven Rocks, Dancing Rock and Bear Rock at Ward Pound Ridge",Westchester County,NY,5 miles,Easy to Moderate,Allowed on leash,ViewsHistoric feature,72844,3674,79394,18443,71348,52889,2014-11-21 17:18:50.302522,2014-11-25 01:39:50.258178,41.297413,-73.613892,,79337,4003,177356,6533,,,,,,,,
185,"41.17607,-73.599472",http://www.nynjtc.org/hike/westchester-wilderness-walk-pound-ridge-new-york,Westchester Wilderness Walk,"Westchester Wilderness Walk (Pound Ridge, New York)",Westchester County,NY,6 miles,Easy to Moderate,Allowed on leash,ViewsWoods,76780,3691,81289,19312,76682,57603,2014-11-21 17:18:50.30346,2014-11-25 01:39:50.259397,41.17607,-73.599472,,78313,4260,183193,7061,,,,,,,,
160,"41.2529114506668,-74.1831395030022",http://www.nynjtc.org/hike/furnace-loopindian-hill-loop-trails-hall-road,Sterling Forest State Park,Furnace Loop/Indian Hill Loop Trails from Hall Road,Sterling Forest,NY,4.3 miles,Moderate,Allowed on leash,ViewsHistoric feature,63316,3312,66832,14600,59024,43141,2014-11-21 17:18:50.277616,2014-11-25 01:39:50.260725,41.2529114506668,-74.1831395030022,,69708,3810,186249,6919,,,,,,,,
161,"41.254037,-74.227963",http://www.nynjtc.org/hike/sterling-forest-doris-duke-wildlife-sancturary,Sterling Forest State Park,Sterling Forest Doris Duke Wildlife Sanctuary,Sterling Forest,NY,3.5 miles,Moderate,Allowed on leash,Views,71501,3482,72211,15471,67490,50090,2014-11-21 17:18:50.278743,2014-11-25 01:39:50.261831,41.254037,-74.227963,,69708,3810,186249,6919,,,,,,,,
162,"41.967532,-73.681698",http://www.nynjtc.org/hike/stissing-mountain,Stissing Mountain,Stissing Mountain Loop to Fire Tower,Dutchess County,NY,1.5 miles,Strenuous,Allowed on leash,Views,72844,3674,79394,18443,71348,52889,2014-11-21 17:18:50.279918,2014-11-25 01:39:50.263031,41.967532,-73.681698,,82120,4132,173706,6384,,,,,,,,
164,"41.414925,-73.993714",http://www.nynjtc.org/hike/crows-nest-mountainhowell-trail-route-9w,Storm King State Park,Crows Nest Mountain/Howell Trail from Route 9W,Storm King and Black Rock Forest,NY,4 miles,Moderate to Strenuous,Allowed on leash,Views,69797,3527,76347,17691,68554,50807,2014-11-21 17:18:50.28216,2014-11-25 01:39:50.272381,41.414925,-73.993714,,84844,4230,83564,4075,,,,,,,,
165,"41.423196,-74.000773",http://www.nynjtc.org/hike/butter-hillstillmanbluebird-trail-loop-route-9w,Storm King State Park,Butter Hill/Stillman/Bluebird Trail Loop from Route 9W,Storm King and Black Rock Forest,NY,3.5 miles,Moderate to Strenuous,Allowed on leash,Views,72377,3310,77952,18164,72813,54802,2014-11-21 17:18:50.283297,2014-11-25 01:39:50.274611,41.423196,-74.000773,,79337,4003,170831,6656,,,,,,,,
175,"40.889574,-73.898324",http://www.nynjtc.org/hike/van-cortlandt-park,Van Cortlandt Park,Van Cortlandt Park,New York City,NY,3 miles,Easy,Allowed on leash,ViewsPublic TransportationHistoric feature,69797,3527,76347,17691,68554,50807,2014-11-21 17:18:50.294058,2014-11-25 01:39:50.276177,40.889574,-73.898324,,70593,3957,177356,6533,,,,,,,,
167,"41.29975,-73.85246",http://www.nynjtc.org/hike/sylvan-glen-nature-preserve,Sylvan Glen Park Preserve,Sylvan Glen Park Preserve Short Loop,Westchester County,NY,3 miles,Easy,No Dogs,ViewsHistoric feature,63822,3194,67243,14399,59556,43357,2014-11-21 17:18:50.28565,2014-11-25 01:39:50.277645,41.29975,-73.85246,,84844,4230,187133,7066,,,,,,,,
163,"41.423196,-74.000773",http://www.nynjtc.org/hike/butter-hillstillmanbypass-trail-loop-route-9w,Storm King State Park,Butter Hill/Stillman/By-Pass Trail Loop from Route 9W,Storm King and Black Rock Forest,NY,2.5 miles,Moderate to Strenuous,Allowed on leash,Views,73435,3658,76856,16473,69170,50623,2014-11-21 17:18:50.281038,2014-11-25 01:39:50.279201,41.423196,-74.000773,,70593,3957,170831,6656,,,,,,,,
168,"41.29975,-73.85246",http://www.nynjtc.org/hike/turtle-pond-trail-loop,Sylvan Glen Park Preserve,Mohegan Quarry Ramble at Sylvan Glen Park Preserve,Westchester County,NY,4.9 miles,Easy to Moderate,No Dogs,Historic feature,73915,3450,83770,19135,75978,56178,2014-11-21 17:18:50.286787,2014-11-25 01:39:50.24396,41.29975,-73.85246,,200105,8523,178965,8587,,,,,,,,
27,"42.0652005452321,-74.7518134117126",http://www.nynjtc.org/hike/touchmenot-mountain-catskills,Catskill Park,Touchmenot Mountain (Catskills),Catskills,NY,5 miles,Moderate to Strenuous,Allowed off leash,ViewsWoods,70761,3488,80325,18624,72419,53822,2014-11-21 17:18:50.100729,2014-11-25 01:39:50.282053,42.0652005452321,-74.7518134117126,,80017,4215,193850,7250,,,,,,,,
30,"42.089945,-74.818863",http://www.nynjtc.org/hike/shavertown-trail-perch-lake-mountain-catskills,Catskill Park,Shavertown Trail on Perch Lake Mountain in Catskills,Catskills,NY,5.3 miles,Moderate,Allowed off leash,Views,60553,3029,62940,13445,57170,41622,2014-11-21 17:18:50.104959,2014-11-25 01:39:50.283485,42.089945,-74.818863,,8151,950,241189,9192,,,,,,,,
36,"41.175553,-74.170697",http://www.nynjtc.org/hike/dater-mountain-nature-park,Dater Mountain Nature Park,Dater Mountain Nature Park,Harriman-Bear Mountain State Parks,NY,2.5 miles,Easy to Moderate,Allowed on leash,ViewsWoods,4204,588,4094,969,3909,2882,2014-11-21 17:18:50.111997,2014-11-25 01:39:50.284772,41.175553,-74.170697,,182945,8853,406452,16824,,,,,,,,
81,"41.229741,-74.060438",http://www.nynjtc.org/hike/orak-ruins-jackie-jones-fire-tower-and-big-hill-shelter,Harriman-Bear Mountain State Parks,"ORAK Ruins, Jackie Jones Fire Tower and Big Hill Shelter",Harriman-Bear Mountain State Parks,NY,4.5 miles,Moderate,Allowed on leash,Views,133061,5642,133656,29259,112080,83762,2014-11-21 17:18:50.187341,2014-11-25 01:39:50.286093,41.229741,-74.060438,,60505,3740,198901,7059,,,,,,,,
93,"41.42207,-74.03458",http://www.nynjtc.org/hike/family-friendly-pond-quest-trail-hudson-highlands-nature-museum,Hudson Highlands Nature Museum Outdoor Discovery Center,Family Friendly Pond Quest Trail at Hudson Highlands Nature Museum,Storm King and Black Rock Forest,NY,0.5 miles,Easy,No Dogs,ViewsHandicap Accessible,80881,3853,89566,19927,73973,56240,2014-11-21 17:18:50.201098,2014-11-25 01:39:50.287304,41.42207,-74.03458,,128152,6353,175383,7016,,,,,,,,
187,"41.49487,-73.66284",http://www.nynjtc.org/hike/wonder-lake-figureeight-loop,Wonder Lake State Park,Wonder Lake Figure-Eight Loop,Fahnestock State Park,NY,4 miles,Easy to Moderate,Allowed on leash,Views,94985,4402,99388,22967,91419,67066,2014-11-21 17:18:50.305334,2014-11-25 01:39:50.288495,41.49487,-73.66284,,89397,4587,154097,5994,,,,,,,,
188,"41.49487,-73.66284",http://www.nynjtc.org/hike/wonder-lake-laurel-pond-loop-hike,Wonder Lake State Park,Wonder Lake/Laurel Pond Loop Hike,Fahnestock State Park,NY,5.1 miles,Easy to Moderate,Allowed on leash,ViewsWoods,94985,4402,99388,22967,91419,67066,2014-11-21 17:18:50.306308,2014-11-25 01:39:50.289722,41.49487,-73.66284,,103501,5136,154097,5994,,,,,,,,
6,"41.402043,-74.047106",http://www.nynjtc.org/hike/sutherland-pondscenic-traileagle-cliff-loop-mine-hill-road,Black Rock Forest,Sutherland Pond/Scenic Trail/Eagle Cliff Loop from Mine Hill Road,Storm King and Black Rock Forest,NY,6.5 miles,Moderate,Allowed on leash,ViewsSwimmingHistoric feature,96818,4502,101220,24212,90098,66707,2014-11-21 17:18:50.073848,2014-11-25 01:39:50.29084,41.402043,-74.047106,,103501,5136,153070,5757,,,,,,,,
29,"42.133827,-74.081967",http://www.nynjtc.org/hike/platte-clove-overlook-mountain-codfish-point-and-echo-lake,Catskill Park,Platte Clove to Overlook Mountain via Codfish Point and Echo Lake,Catskills,NY,13 miles,Moderate to Strenuous,Allowed off leash,ViewsWaterfallHistoric feature,203148,8589,210476,47749,182180,135960,2014-11-21 17:18:50.103906,2014-11-25 01:39:50.291987,42.133827,-74.081967,,108476,5516,93883,4786,,,,,,,,
57,"41.173916,-74.168658",http://www.nynjtc.org/hike/diamond-mountainstony-brook-loop,Harriman-Bear Mountain State Parks,Diamond Mountain/Stony Brook Loop,Harriman-Bear Mountain State Parks,NY,6.3 miles,Moderate,Allowed on leash,ViewsPublic Transportation,62432,3164,65947,14370,58166,42456,2014-11-21 17:18:50.13719,2014-11-25 01:39:50.294459,41.173916,-74.168658,,99993,5075,161299,6151,,,,,,,,
70,"41.297598,-74.027274",http://www.nynjtc.org/hike/hudson-river-and-hills-views-west-mountain-harriman-state-park,Harriman-Bear Mountain State Parks,West Mountain (Timp-Torne/A.T. and Beechy Bottom Road) Loop from Anthony Wayne Recreation Area,Harriman-Bear Mountain State Parks,NY,5 miles,Moderate to Strenuous,Allowed on leash,Views,70821,3270,79515,19219,72927,55199,2014-11-21 17:18:50.152379,2014-11-25 01:39:50.295646,41.297598,-74.027274,,93721,4501,177139,6657,,,,,,,,
83,"41.311612,-74.007235",http://www.nynjtc.org/hike/bear-mountain-summit-loop,Harriman-Bear Mountain State Parks,Bear Mountain Summit Loop,Harriman-Bear Mountain State Parks,NY,1.3 miles,Easy to Moderate,Allowed on leash,ViewsHandicap AccessibleHistoric featureWoods,76780,3691,81289,19312,76682,57603,2014-11-21 17:18:50.18975,2014-11-25 01:39:50.296808,41.311612,-74.007235,,102697,5205,158584,6019,,,,,,,,
96,"41.42207,-74.03458",http://www.nynjtc.org/hike/family-friendly-highlands-quest-trail-hudson-highlands-nature-museum,Hudson Highlands Nature Museum Outdoor Discovery Center,Family Friendly Highlands Quest Trail at Hudson Highlands Nature Museum,Storm King and Black Rock Forest,NY,1.8 miles,Easy to Moderate,No Dogs,ViewsHistoric feature,136612,6234,134494,28394,129480,96562,2014-11-21 17:18:50.204563,2014-11-25 01:39:50.298007,41.42207,-74.03458,,99930,5065,167692,6247,,,,,,,,
143,"41.669963,-74.361649",http://www.nynjtc.org/hike/ice-caves-and-verkeerderkill-falls,Sam's Point Preserve,Ice Caves and Verkeerderkill Falls,Shawangunk Mountains,NY,7.4 miles,Moderate to Strenuous,Allowed on leash,ViewsWaterfallFees,70821,3270,79515,19219,72927,55199,2014-11-21 17:18:50.258593,2014-11-25 01:39:50.299218,41.669963,-74.361649,,99704,5135,162954,6336,,,,,,,,
155,"41.230616,-74.260762",http://www.nynjtc.org/hike/sterling-ridge-trailfire-towersterling-lake-trail-loop-route-17a,Sterling Forest State Park,Sterling Ridge Trail/Fire Tower/Sterling Lake Trail Loop from Route 17A,Sterling Forest,NY,7 miles,Moderate,Allowed on leash,Views,62432,3164,65947,14370,58166,42456,2014-11-21 17:18:50.272196,2014-11-25 01:39:50.30038,41.230616,-74.260762,,98866,5023,163187,6352,,,,,,,,
1,"41.244159,-74.286675",http://www.nynjtc.org/hike/appalachian-trail-bellvale-mountain-new-york,Appalachian National Scenic Trail,Appalachian Trail on Bellvale Mountain,Long Distance Trails,NY,7.1 miles,Strenuous,Allowed on leash,ViewsPublic Transportation,61110,2972,61192,13227,55444,40340,2014-11-21 17:18:50.041711,2014-11-25 01:39:50.301536,41.244159,-74.286675,,77606,3821,198573,7597,,,,,,,,
9,"41.41857,-74.01014",http://www.nynjtc.org/hike/black-rock-mountain-trails-and-woods-roads,Black Rock Forest,Black Rock Mountain Circuit Via Footpaths and Woods Roads,Storm King and Black Rock Forest,NY,4.5 miles,Moderate to Strenuous,Allowed on leash,ViewsWaterfall,73915,3450,83770,19135,75978,56178,2014-11-21 17:18:50.078149,2014-11-25 01:39:50.302747,41.41857,-74.01014,,81360,4407,179687,6666,,,,,,,,
64,"41.173916,-74.168658",http://www.nynjtc.org/hike/seven-hillshtsreeves-brook-trail-loop-ramapo-torne-and-torne-view,Harriman-Bear Mountain State Parks,Seven Hills/HTS/Reeves Brook Trail Loop to Ramapo Torne and Torne View,Harriman-Bear Mountain State Parks,NY,5.2 miles,Moderate,Allowed on leash,ViewsPublic Transportation,51989,3006,51216,10816,49190,36590,2014-11-21 17:18:50.14547,2014-11-25 01:39:50.303888,41.173916,-74.168658,,69626,3706,197902,7140,,,,,,,,
38,"41.444779,-73.858345",http://www.nynjtc.org/hike/charcoal-burnerscabotperkinsfahnestock-trail-loop,Fahnestock State Park,Charcoal Burners/Cabot/Perkins/Fahnestock Trail Loop,Fahnestock State Park,NY,7.2 miles,Moderate,Allowed on leash,Views,96295,4173,95473,21613,86608,66088,2014-11-21 17:18:50.114133,2014-11-25 01:39:50.28063,41.444779,-73.858345,,81360,4407,176427,6941,,,,,,,,
50,"41.171523,-74.176737",http://www.nynjtc.org/hike/dater-mountain-nature-park-and-harriman-state-park,Harriman-Bear Mountain State Parks,Dater Mountain Nature Park and Harriman State Park,Harriman-Bear Mountain State Parks,NY,6 miles,Easy to Moderate,Allowed on leash,ViewsWaterfallPublic Transportation,61851,3186,65366,14188,57558,41955,2014-11-21 17:18:50.128651,2014-11-25 01:39:50.293227,41.171523,-74.176737,,92917,4663,169612,6682,,,,,,,,
40,"41.420722,-73.868799",http://www.nynjtc.org/hike/three-lakes-trailappalachian-trail-loop-dennytown-road,Fahnestock State Park,Three Lakes Trail/Appalachian Trail Loop from Dennytown Road,Fahnestock State Park,NY,5 miles,Moderate to Strenuous,Allowed on leash,ViewsWaterfallHistoric feature,99509,4361,92259,20707,83394,63568,2014-11-21 17:18:50.116518,2014-11-25 01:39:50.111741,41.420722,-73.868799,,112545,5033,162137,6436,,,,,,,,
65,"41.241997,-74.102354",http://www.nynjtc.org/hike/iron-mines-loop-1-east-harrimanbear-mountain-state-parks,Harriman-Bear Mountain State Parks,Iron Mines Loop #1 (East) in Harriman-Bear Mountain State Parks,Harriman-Bear Mountain State Parks,NY,5.5 miles,Moderate to Strenuous,Allowed on leash,Views,69797,3527,76347,17691,68554,50807,2014-11-21 17:18:50.146651,2014-11-25 01:39:50.141906,41.241997,-74.102354,,78313,4260,183193,7061,,,,,,,,
94,"41.42207,-74.03458",http://www.nynjtc.org/hike/family-friendly-field-quest-trail-hudson-highlands-nature-museum,Hudson Highlands Nature Museum Outdoor Discovery Center,Family Friendly Field Quest Trail at Hudson Highlands Nature Museum,Storm King and Black Rock Forest,NY,0.5 miles,Easy,No Dogs,ViewsHandicap AccessibleHistoric feature,94985,4402,99388,22967,91419,67066,2014-11-21 17:18:50.20226,2014-11-25 01:39:50.172624,41.42207,-74.03458,,103501,5136,154097,5994,,,,,,,,
149,"41.407553,-74.081725",http://www.nynjtc.org/hike/sweet-clover-dark-hollow-and-megaliths-schunemunk-mountain,Schunemunk Mountain State Park,"Schunemunk Mountain Loop from Taylor Road via Sweet Clover, Jessup and Dark Hollow Trails",Schunemunk Mountain,NY,6.5 miles,Strenuous,Allowed on leash,ViewsWaterfallPublic Transportation,62432,3164,65947,14370,58166,42456,2014-11-21 17:18:50.265373,2014-11-25 01:39:50.225456,41.407553,-74.081725,,79337,4003,177356,6533,,,,,,,,
26,"42.288765,-74.114545",http://www.nynjtc.org/hike/acra-point-and-batavia-kill-loop,Catskill Park,Acra Point and Batavia Kill Loop,Catskills,NY,5.2 miles,Moderate to Strenuous,Allowed off leash,Views,211042,9297,238483,52655,208831,158104,2014-11-21 17:18:50.099681,2014-11-25 01:39:50.305037,42.288765,-74.114545,,82431,4184,179687,6666,,,,,,,,
45,"41.173916,-74.168658",http://www.nynjtc.org/hike/ramapo-torneraccoon-brook-hills-trail-loop-reeves-meadow,Harriman-Bear Mountain State Parks,Ramapo Torne/Raccoon Brook Hills Trail Loop from Reeves Meadow,Harriman-Bear Mountain State Parks,NY,6.5 miles,Moderate,Allowed on leash,ViewsWaterfallPublic Transportation,179351,8554,204529,39815,181751,134695,2014-11-21 17:18:50.122532,2014-11-25 01:39:50.30614,41.173916,-74.168658,,79277,4222,213489,7842,,,,,,,,
